datetime,error_code,message_id,conversation_id,details
2025-01-01 11:34:51,E008,M-000005,73e37981-3354-4858-ad16-02d5f29fd423,Insufficient system memory.
2025-01-03 12:24:39,E006,M-000018,8916c71f-6382-4599-bfbd-fb54cf188ed1,Database read timeout.
2025-01-05 13:32:55,E002,M-000035,b00530f3-7cc8-4b28-b641-a932166b5f61,Insufficient system memory.
2025-01-06 14:46:54,E006,M-000041,b00530f3-7cc8-4b28-b641-a932166b5f61,Critical inference failure.
2025-01-08 17:50:13,E404,M-000061,73e37981-3354-4858-ad16-02d5f29fd423,GPU memory allocation error.
2025-01-10 14:14:52,E404,M-000071,b00530f3-7cc8-4b28-b641-a932166b5f61,Database read timeout.
2025-01-11 08:30:14,E008,M-000081,c0391703-9505-4dce-9875-e6fd6ca1121a,Critical inference failure.
2025-01-12 10:27:30,E404,M-000087,b00530f3-7cc8-4b28-b641-a932166b5f61,Insufficient system memory.
2025-01-12 15:06:25,E007,M-000083,b00530f3-7cc8-4b28-b641-a932166b5f61,Critical inference failure.
2025-01-14 17:43:27,E009,M-000102,b00530f3-7cc8-4b28-b641-a932166b5f61,Database read timeout.
2025-01-16 13:05:38,E004,M-000112,8916c71f-6382-4599-bfbd-fb54cf188ed1,Insufficient system memory.
2025-01-18 12:01:16,E002,M-000128,73e37981-3354-4858-ad16-02d5f29fd423,Insufficient system memory.
2025-01-19 13:05:01,E009,M-000134,8916c71f-6382-4599-bfbd-fb54cf188ed1,Database read timeout.
2025-01-22 16:58:22,E404,M-000153,dd45d83d-d022-4022-ad44-9558d703e4b4,Insufficient system memory.
2025-01-23 19:27:11,E001,M-000161,dd45d83d-d022-4022-ad44-9558d703e4b4,Unexpected response token.
2025-01-25 18:17:29,E006,M-000175,c0391703-9505-4dce-9875-e6fd6ca1121a,Critical inference failure.
2025-01-26 16:05:19,E008,M-000182,73e37981-3354-4858-ad16-02d5f29fd423,GPU memory allocation error.
2025-01-27 19:11:19,E008,M-000198,c0391703-9505-4dce-9875-e6fd6ca1121a,GPU memory allocation error.
2025-01-30 14:47:55,E999,M-000215,8916c71f-6382-4599-bfbd-fb54cf188ed1,Critical inference failure.
2025-01-31 16:05:59,E006,M-000222,8916c71f-6382-4599-bfbd-fb54cf188ed1,Insufficient system memory.
2025-02-01 19:47:49,E001,M-000233,dd45d83d-d022-4022-ad44-9558d703e4b4,Database read timeout.
2025-02-04 13:27:41,E002,M-000262,c0391703-9505-4dce-9875-e6fd6ca1121a,Unexpected response token.
2025-02-04 19:15:45,E006,M-000260,b00530f3-7cc8-4b28-b641-a932166b5f61,Unexpected response token.
2025-02-04 19:57:06,E002,M-000256,73e37981-3354-4858-ad16-02d5f29fd423,Insufficient system memory.
2025-02-05 18:43:14,E004,M-000272,73e37981-3354-4858-ad16-02d5f29fd423,GPU memory allocation error.
2025-02-07 17:09:31,E009,M-000286,b00530f3-7cc8-4b28-b641-a932166b5f61,Critical inference failure.
2025-02-11 11:26:57,E999,M-000314,c0391703-9505-4dce-9875-e6fd6ca1121a,Critical inference failure.
2025-02-11 15:48:06,E007,M-000318,8916c71f-6382-4599-bfbd-fb54cf188ed1,Insufficient system memory.
2025-02-13 15:53:47,E004,M-000324,8916c71f-6382-4599-bfbd-fb54cf188ed1,GPU memory allocation error.
2025-02-14 17:21:05,E004,M-000329,8916c71f-6382-4599-bfbd-fb54cf188ed1,Critical inference failure.
2025-02-16 19:14:41,E999,M-000333,b00530f3-7cc8-4b28-b641-a932166b5f61,Unexpected response token.
2025-02-18 16:29:22,E003,M-000336,c0391703-9505-4dce-9875-e6fd6ca1121a,GPU memory allocation error.
2025-02-21 08:38:06,E009,M-000349,8916c71f-6382-4599-bfbd-fb54cf188ed1,GPU memory allocation error.
2025-02-22 15:10:40,E006,M-000359,c0391703-9505-4dce-9875-e6fd6ca1121a,Unexpected response token.
2025-02-23 15:16:59,E009,M-000364,8916c71f-6382-4599-bfbd-fb54cf188ed1,Insufficient system memory.
2025-02-24 13:44:22,E006,M-000376,b00530f3-7cc8-4b28-b641-a932166b5f61,Insufficient system memory.
2025-02-25 10:37:12,E006,M-000386,c0391703-9505-4dce-9875-e6fd6ca1121a,Unexpected response token.
2025-03-01 13:59:43,E003,M-000420,8916c71f-6382-4599-bfbd-fb54cf188ed1,Database read timeout.
2025-03-01 15:09:14,E009,M-000413,b00530f3-7cc8-4b28-b641-a932166b5f61,GPU memory allocation error.
2025-03-01 15:30:31,E005,M-000418,73e37981-3354-4858-ad16-02d5f29fd423,Unexpected response token.
2025-03-03 10:58:09,E005,M-000433,c0391703-9505-4dce-9875-e6fd6ca1121a,Critical inference failure.
2025-03-05 15:19:55,E003,M-000451,dd45d83d-d022-4022-ad44-9558d703e4b4,GPU memory allocation error.
2025-03-05 16:27:43,E004,M-000446,c0391703-9505-4dce-9875-e6fd6ca1121a,Database read timeout.
2025-03-06 09:07:22,E001,M-000456,73e37981-3354-4858-ad16-02d5f29fd423,GPU memory allocation error.
2025-03-06 13:23:39,E009,M-000460,b00530f3-7cc8-4b28-b641-a932166b5f61,Critical inference failure.
2025-03-07 10:00:54,E008,M-000464,c0391703-9505-4dce-9875-e6fd6ca1121a,Critical inference failure.
2025-03-09 18:42:59,E999,M-000473,c0391703-9505-4dce-9875-e6fd6ca1121a,Critical inference failure.
2025-03-10 14:22:16,E004,M-000480,73e37981-3354-4858-ad16-02d5f29fd423,Critical inference failure.
2025-03-14 11:29:04,E004,M-000504,c0391703-9505-4dce-9875-e6fd6ca1121a,Database read timeout.
2025-03-15 14:32:58,E004,M-000508,c0391703-9505-4dce-9875-e6fd6ca1121a,Database read timeout.
2025-03-16 15:32:34,E404,M-000518,c0391703-9505-4dce-9875-e6fd6ca1121a,GPU memory allocation error.
2025-03-20 08:09:05,E009,M-000546,73e37981-3354-4858-ad16-02d5f29fd423,Insufficient system memory.
2025-03-20 15:02:44,E003,M-000549,dd45d83d-d022-4022-ad44-9558d703e4b4,GPU memory allocation error.
2025-03-20 19:09:41,E008,M-000547,dd45d83d-d022-4022-ad44-9558d703e4b4,Insufficient system memory.
2025-03-22 08:51:41,E008,M-000560,8916c71f-6382-4599-bfbd-fb54cf188ed1,Database read timeout.
2025-03-24 12:58:03,E999,M-000578,8916c71f-6382-4599-bfbd-fb54cf188ed1,GPU memory allocation error.
2025-03-24 15:00:27,E007,M-000580,c0391703-9505-4dce-9875-e6fd6ca1121a,Database read timeout.
2025-03-24 18:06:45,E999,M-000575,b00530f3-7cc8-4b28-b641-a932166b5f61,Insufficient system memory.
2025-03-26 17:25:12,E008,M-000597,c0391703-9505-4dce-9875-e6fd6ca1121a,Insufficient system memory.
2025-03-26 18:13:19,E002,M-000590,73e37981-3354-4858-ad16-02d5f29fd423,Critical inference failure.
2025-03-28 11:28:07,E009,M-000606,73e37981-3354-4858-ad16-02d5f29fd423,Database read timeout.
2025-03-28 15:13:24,E999,M-000605,c0391703-9505-4dce-9875-e6fd6ca1121a,Insufficient system memory.
2025-04-01 09:10:12,E003,M-000612,73e37981-3354-4858-ad16-02d5f29fd423,Insufficient system memory.
2025-04-03 13:08:23,E004,M-000621,8916c71f-6382-4599-bfbd-fb54cf188ed1,Unexpected response token.
2025-04-06 18:53:21,E001,M-000643,c0391703-9505-4dce-9875-e6fd6ca1121a,Unexpected response token.
2025-04-08 10:48:45,E002,M-000657,c0391703-9505-4dce-9875-e6fd6ca1121a,Critical inference failure.
2025-04-11 14:08:22,E005,M-000677,c0391703-9505-4dce-9875-e6fd6ca1121a,Insufficient system memory.
2025-04-12 14:02:46,E003,M-000683,8916c71f-6382-4599-bfbd-fb54cf188ed1,Critical inference failure.
2025-04-13 13:47:08,E002,M-000684,73e37981-3354-4858-ad16-02d5f29fd423,Database read timeout.
2025-04-18 08:44:03,E007,M-000721,dd45d83d-d022-4022-ad44-9558d703e4b4,Critical inference failure.
2025-04-18 18:59:06,E999,M-000728,73e37981-3354-4858-ad16-02d5f29fd423,Database read timeout.
2025-04-21 19:12:45,E999,M-000753,c0391703-9505-4dce-9875-e6fd6ca1121a,Database read timeout.
2025-04-23 08:19:20,E005,M-000767,73e37981-3354-4858-ad16-02d5f29fd423,Insufficient system memory.
2025-04-23 09:43:40,E001,M-000762,c0391703-9505-4dce-9875-e6fd6ca1121a,Insufficient system memory.
2025-04-24 17:04:52,E004,M-000769,b00530f3-7cc8-4b28-b641-a932166b5f61,GPU memory allocation error.
2025-04-26 12:01:17,E005,M-000780,b00530f3-7cc8-4b28-b641-a932166b5f61,Unexpected response token.
2025-04-26 18:51:11,E003,M-000779,73e37981-3354-4858-ad16-02d5f29fd423,Database read timeout.
2025-04-28 12:14:51,E005,M-000784,73e37981-3354-4858-ad16-02d5f29fd423,GPU memory allocation error.
2025-04-30 08:49:46,E004,M-000788,8916c71f-6382-4599-bfbd-fb54cf188ed1,Critical inference failure.
2025-05-01 18:21:56,E006,M-000793,73e37981-3354-4858-ad16-02d5f29fd423,GPU memory allocation error.
